text,true_emotion,predicted_emotion
"@marcavis @AntisocialJW2 I've always been fiery, but never radical.",anger,anger
"I miss my gran singing Rawhide, in her deep baritone growl.",anger,sadness
"@FluDino Event started! everyone is getting ready to travel to the lake of rage, where everything glows",anger,anger
@IllinoisLoyalty that Rutgers game was an abomination. An affront to God and man. We must never speak of it again.,anger,anger
My eyes have been dilated. I hate the world right now with the rage of a thousand fiery dragons. I need a drink.,anger,anger
@RealJamesWoods @KennyCoble saddest part of this whole mess is that all of this #anger is #misdirected they should march 2 the #WhiteHouse,anger,anger
@DJ_JeanFranko growl!!!,anger,anger
"@HomeSwapperteam  Spent months arranging swap , new jobs etc, now I've found out she's been leading me on a merry dance. #fuming with her",anger,anger
Eat my ass' is no longer an insult,anger,anger
Just seeing Alex revells face gets me angry,anger,anger
"@huwellwell One chosen by the CLP members! MP seats are not for people to dole out to their mates, we elect candidates. #fuming",anger,anger
Sting is just too damn earnest for early morning listening. #sting,anger,sadness
@Jen_ny69 People will always get offended everyone's situation is different! Just because we have kids doesn't mean we have to settle,anger,anger
@TrussElise Obama must be fuming.. lol,anger,joy
"@gayla_weeks1 I try not to let my anger seep into reviews, but I resent having my time wasted on books like that. Time is precious.",anger,anger
@UKBlogAwards @ModishMale I would always be honest but it's great to feedback opinion to the brand - don't want to offend them #BlogHour,anger,joy
Ok scrubbed hands 5 times before trying to put them in.\nEyeballs #burning \n#EvenMoreBlind accidentally scared the #cat whilst #screeching,anger,fear
"Note to self ~ Stop laughing at things that offend you, it's ok to get mad at people \n#NoteToSelf #offended #mad #upset",anger,anger
The rage has died down.,anger,sadness
"Is it me, or is Ding wearing the look of a man who's just found his arch enemy in bed with his missus? #angryman ",anger,anger
"@ccrago It was dreadful, even after he met the Catfish he still thought it was her!",fear,sadness
Thanks for ripping me off again #Luthansa â‚¬400 not enough for a one way flight to man from Frk then â‚¬30 for a bag then free at gate ,fear,anger
@hollywooddivas @TMZ_Sports Idiots like Larry Sanders scare us All!How can Morons these days Rush 2 Judge #Police w/o all facts yet?FU thugs,fear,anger
@mikefreemanNFL \nIsn't OBrien supposed to be some sort of offensive genius #awful,fear,anger
"He called me fat, so I pushed him into the lockers then he threaten to sue me' ğŸ˜‚",fear,anger
Bout ta get my @dontbreathe on up in here! @WarrenTheaters  #icantholdmybreaththatlong,fear,joy
@RyanAbe awe yay thank god I was so worried.,fear,joy
"Really.....#Jumanji 2....w/ The Rock, Jack Black, and Kevin Hart...are you kidding me! WTF! #ThisIsATerribleIdea #horrible",fear,anger
@mikefreemanNFL \nIsn't OBrien supposed to be some sort of offensive genius ,fear,anger
"Honestly, there are some awful people on the internet... smh...",fear,sadness
@LethalWeaponFOX This show SUCKS! #lame #awful you even used the same names?? lol SO SO bad! #Failed #notworth2minutes. Off air SOON,fear,anger
@CesarSampao @thisisbolton don't get me started on town centre. Used to go every week.... not been for 18 months #horrible,fear,sadness
â€œWe can easily #forgive a #child who is #afraid of the #dark; the real #tragedy of #life is when #men are #afraid of the #light.â€â€“Plato,fear,fear
"Came in to work today 1.5 hours late.1st thing I hear: 'Ma'am,the big boss has been waiting for you in his office.' #panic #hateBeingLate ğŸ˜©ğŸ˜ª",fear,fear
The moment you bring her to meet your best friend and you're nervous af! ğŸ˜¬ğŸ˜† #nervous #thefriendtest,fear,fear
"Gahh...BT, in queue for 30 minutes.. Now put through to BT Sport dept to cancel... back in a queue again... ",fear,anger
Rooney shocking attempted cross,fear,sadness
Trying to book holiday flights on @britishairways website is becoming a #nightmare,fear,fear
"Really.....#Jumanji 2....w/ The Rock, Jack Black, and Kevin Hart...are you kidding me! WTF! #ThisIsATerribleIdea ",fear,anger
When you're scared to press send #bgoodthepoet #PrayForMe #ThisIsAGodDream #career #help  #heart #HeartRacing,fear,fear
@hesham786 that's the spirit #optimism,joy,joy
"@airtelindia have some issues with my broadband bill ,I am charged for the month before I signed up with airtel.. #hilarious",joy,anger
i was so embarrassed when she saw us i was like knvfkkjg she thinks we're stalkers n then she starts waving all cheerfully inviting us in ğŸ˜©,joy,fear
@billie21806 @cnnbrk tell that to your bodies cheering on the deaths of black people by cops. their fear is killing us.,joy,fear
Metal keeps you young and spry and keeps your hair luxurious.\n\nYES\n\nSHUT UP AND LISTEN TO ME,joy,anger
"TheNiceBot: IndyMN I thought the holidays could not get any more cheerful, and then I met you. #TheNiceBot #Ø§Ù„Ø®ÙØ¬ÙŠ",joy,joy
@Gronnhair @buryprofs @DittoBistro it was indeed lovely and the team were incredibly attentive and on the ball. Cheese was a lively gesture!,joy,joy
4-2 Canada final tomorrow #WCH #Predictions #optimism #Canadian ğŸ‡¨ğŸ‡¦,joy,joy
@chencouture LMAO Is it that 'so slutty' hater girl? That video was hilarious. ğŸ˜‚,joy,joy
@GigaFag @pipertownsend_ snapchat new would beg to differ #optimism,joy,joy
"When we give cheerfully and accept gratefully, everyone is blessed. Â»Maya Angelou",joy,joy
"@DocBellsSwan *peers down at you, eyes crinkling with mirth and affection* I do love ye so, my bonnie Belle.",joy,joy
Each day is what you make of it! #goals #challenges #business #goals   #success #photographer #photography #ThursdayThoughts,joy,joy
@tomderivan73 ğŸ˜...I'll just people watch and enjoy a rare show of optimism,joy,joy
I love my family so much #lucky #grateful #smartassfamily #hilarious #love,joy,joy
@yungdoujin wouldn't that basically be sparkling water,joy,joy
"If any trump supporters and Hillary haters wanna chirp some weak minded, pandering liberals just tweet at @EmmyA2 @snickerfritz04",joy,anger
"Our tone of voice: we're like One Direction, we're thoughtful and timid, yet playful",joy,joy
How can l rule my mind !!!!!! \nIt's hilarious that you can't ğŸ˜­ğŸ˜‘ğŸ˜®,joy,sadness
@bruins_514 @gorddownie @thehipdotcom It would be #TragicallyHip if they can #help @TOYSFORASMILE make #hospitalized  #sick #kids #smile ğŸ˜ŠâœŒâ¤,joy,joy
Don't depress yourself by comparing yourself. No comparisons.,sadness,sadness
"@ccrago It was dreadful, even after he met the Catfish he still thought it was her!",sadness,sadness
aaahhhh! a little @OtisRedding to soothe the soul. #music ,sadness,joy
"We are about a little over an hour away! We will arrive soon, do not fret!",sadness,joy
"Just watched Django Unchained, Other people may frown, but I titter in delight! 2/5",sadness,joy
If Angelina Jolie can't keep a man no one can. Today we mourn because Love is dead,sadness,sadness
Remembering those day when u still did'nt know kpop n thinking about how sad your life was without it - Kpop fan,sadness,sadness
"@DxfyingGrxvity - frustration, looking up at Elphaba in a frown of aggravation. Her high pitched voice was growing more and more --",sadness,anger
â€œDyslexia is the affliction of a frozen genius.â€â€• Stephen Richards,sadness,sadness
"@Eeevah14 don't I know it, try not to fret my sweet little pupper",sadness,fear
"Before the year ends I'll probably get master 12s or flu games, true blues, and space jams.",sadness,joy
@AnjiDunlap droop in leggings? Are they wearing XXXL?,sadness,anger
@abra @abra @abra what're you doing to my ears? To my soul?! #GoodMusic #melancholy,sadness,sadness
Wow just watched Me Before You and it was seriously one of the most depressing movies of my life,sadness,sadness
Might go on @RadioX tomorrow to hopefully win a new car. My current one stinks of gone off milk. #grim,sadness,joy
"I'd rather laugh with the rarest genius, in beautiful alliance with his own being, where he kept his sadness. #melancholy",sadness,sadness
"MC: what are you listen to these days?\nBogum: these days I feel gloomy, I listen to ccm (spiritual song) often.\n\nChurch oppa mode. :)",sadness,sadness
@1johndes ball watching &amp; Rojo'd header was equally dreadful!!,sadness,anger
All I want to do is watch some netflix but I am stuck here in class. #depressing,sadness,sadness
This world has some serious issues we should all go to therapy,sadness,sadness
